{"stats":{"minecraft:custom":{"minecraft:jump":5,"minecraft:time_since_rest":714,"minecraft:leave_game":1,"minecraft:sprint_one_cm":1194,"minecraft:play_time":714,"minecraft:walk_on_water_one_cm":40,"minecraft:time_since_death":714,"minecraft:walk_one_cm":1378,"minecraft:total_world_time":714,"minecraft:fall_one_cm":209,"minecraft:fly_one_cm":937},"minecraft:picked_up":{"minecraft:sand":1,"minecraft:dirt":4},"minecraft:used":{"minecraft:dirt":1,"minecraft:sand":1},"minecraft:mined":{"minecraft:grass_block":4,"minecraft:sand":1}},"DataVersion":3955}